[{"ORDERLINK":275,"INDEXORDER":37,"MAPCODE":103659,"DESCRIPTION":"Balance Sheet","LITERAL":"Total assets","FORMCODE":"01","ROLLUPCODE":"001000000000000000000000000000000000000000000","CHARTCODE":"IFR","DOUBLECOUNTED":0,"NOPRINT":0},{"ORDERLINK":450,"INDEXORDER":11,"MAPCODE":103660,"DESCRIPTION":"Balance Sheet","LITERAL":"Non-current assets","FORMCODE":"01","ROLLUPCODE":"001001000000000000000000000000000000000000000","CHARTCODE":"IFR","DOUBLECOUNTED":0,"NOPRINT":0},{"ORDERLINK":261,"INDEXORDER":5,"MAPCODE":103661,"DESCRIPTION":"Balance Sheet","LITERAL":"Plant & equipment","FORMCODE":"01","ROLLUPCODE":"001001001000000000000000000000000000000000000","CHARTCODE":"IFR","DOUBLECOUNTED":0,"NOPRINT":0},{"ORDERLINK":268,"INDEXORDER":8,"MAPCODE":103718,"DESCRIPTION":"Balance Sheet","LITERAL":"Intangible assets","FORMCODE":"01","ROLLUPCODE":"001001003000000000000000000000000000000000000","CHARTCODE":"IFR","DOUBLECOUNTED":0,"NOPRINT":0},{"ORDERLINK":262,"INDEXORDER":6,"MAPCODE":103772,"DESCRIPTION":"Balance Sheet","LITERAL":"Associates","FORMCODE":"01","ROLLUPCODE":"001001005002000000000000000000000000000000000","CHARTCODE":"IFR","DOUBLECOUNTED":0,"NOPRINT":0},{"ORDERLINK":263,"INDEXORDER":7,"MAPCODE":103781,"DESCRIPTION":"Balance Sheet","LITERAL":"Other equity investments","FORMCODE":"01","ROLLUPCODE":"001001005008000000000000000000000000000000000","CHARTCODE":"IFR","DOUBLECOUNTED":0,"NOPRINT":0},{"ORDERLINK":449,"INDEXORDER":10,"MAPCODE":103807,"DESCRIPTION":"Balance Sheet","LITERAL":"Deferred tax assets","FORMCODE":"01","ROLLUPCODE":"001001006001000000000000000000000000000000000","CHARTCODE":"IFR","DOUBLECOUNTED":0,"NOPRINT":0},{"ORDERLINK":448,"INDEXORDER":9,"MAPCODE":103823,"DESCRIPTION":"Balance Sheet","LITERAL":"Staff loan receivable","FORMCODE":"01","ROLLUPCODE":"001001008013000000000000000000000000000000000","CHARTCODE":"IFR","DOUBLECOUNTED":0,"NOPRINT":0},{"ORDERLINK":274,"INDEXORDER":36,"MAPCODE":103837,"DESCRIPTION":"Balance Sheet","LITERAL":"Current assets","FORMCODE":"01","ROLLUPCODE":"001002000000000000000000000000000000000000000","CHARTCODE":"IFR","DOUBLECOUNTED":0,"NOPRINT":0},{"ORDERLINK":269,"INDEXORDER":12,"MAPCODE":103841,"DESCRIPTION":"Balance Sheet","LITERAL":"Inventories","FORMCODE":"01","ROLLUPCODE":"001002002000000000000000000000000000000000000","CHARTCODE":"IFR","DOUBLECOUNTED":0,"NOPRINT":0},{"ORDERLINK":440,"INDEXORDER":31,"MAPCODE":103856,"DESCRIPTION":"Balance Sheet","LITERAL":"Available-for-sale financial assets","FORMCODE":"01","ROLLUPCODE":"001002004001000000000000000000000000000000000","CHARTCODE":"IFR","DOUBLECOUNTED":0,"NOPRINT":0},{"ORDERLINK":271,"INDEXORDER":17,"MAPCODE":103875,"DESCRIPTION":"Balance Sheet","LITERAL":"Trade receivables","FORMCODE":"01","ROLLUPCODE":"001002006001000000000000000000000000000000000","CHARTCODE":"IFR","DOUBLECOUNTED":0,"NOPRINT":0},{"ORDERLINK":416,"INDEXORDER":15,"MAPCODE":103876,"DESCRIPTION":"Balance Sheet","LITERAL":"Trade receivables, gross","FORMCODE":"01","ROLLUPCODE":"001002006001001000000000000000000000000000000","CHARTCODE":"IFR","DOUBLECOUNTED":0,"NOPRINT":1},{"ORDERLINK":417,"INDEXORDER":16,"MAPCODE":103880,"DESCRIPTION":"Balance Sheet","LITERAL":"Less: allowance for doubtful trade receivables","FORMCODE":"01","ROLLUPCODE":"001002006001002000000000000000000000000000000","CHARTCODE":"IFR","DOUBLECOUNTED":0,"NOPRINT":1},{"ORDERLINK":478,"INDEXORDER":22,"MAPCODE":103886,"DESCRIPTION":"Balance Sheet","LITERAL":"Prepayments","FORMCODE":"01","ROLLUPCODE":"001002006005000000000000000000000000000000000","CHARTCODE":"IFR","DOUBLECOUNTED":0,"NOPRINT":1},{"ORDERLINK":445,"INDEXORDER":26,"MAPCODE":103886,"DESCRIPTION":"Balance Sheet","LITERAL":"Advances received from customers","FORMCODE":"01","ROLLUPCODE":"001002006005000000000000000000000000000000000","CHARTCODE":"IFR","DOUBLECOUNTED":0,"NOPRINT":1},{"ORDERLINK":422,"INDEXORDER":14,"MAPCODE":103892,"DESCRIPTION":"Balance Sheet","LITERAL":"Amounts due from customers for contract work","FORMCODE":"01","ROLLUPCODE":"001002006011000000000000000000000000000000000","CHARTCODE":"IFR","DOUBLECOUNTED":0,"NOPRINT":0},{"ORDERLINK":457,"INDEXORDER":24,"MAPCODE":112765,"DESCRIPTION":"Balance Sheet","LITERAL":"Staff loans","FORMCODE":"01","ROLLUPCODE":"001002006016000000000000000000000000000000000","CHARTCODE":"IFR","DOUBLECOUNTED":0,"NOPRINT":1},{"ORDERLINK":477,"INDEXORDER":19,"MAPCODE":112766,"DESCRIPTION":"Balance Sheet","LITERAL":"Deposits","FORMCODE":"01","ROLLUPCODE":"001002006017000000000000000000000000000000000","CHARTCODE":"IFR","DOUBLECOUNTED":0,"NOPRINT":1},{"ORDERLINK":421,"INDEXORDER":30,"MAPCODE":103893,"DESCRIPTION":"Balance Sheet","LITERAL":"Other receivables, deposits & prepayments","FORMCODE":"01","ROLLUPCODE":"001002006021000000000000000000000000000000000","CHARTCODE":"IFR","DOUBLECOUNTED":1,"NOPRINT":0},{"ORDERLINK":272,"INDEXORDER":32,"MAPCODE":103893,"DESCRIPTION":"Balance Sheet","LITERAL":"Other receivables","FORMCODE":"01","ROLLUPCODE":"001002006021000000000000000000000000000000000","CHARTCODE":"IFR","DOUBLECOUNTED":0,"NOPRINT":0},{"ORDERLINK":418,"INDEXORDER":18,"MAPCODE":103894,"DESCRIPTION":"Balance Sheet","LITERAL":"Deposits & prepayments","FORMCODE":"01","ROLLUPCODE":"001002006021001000000000000000000000000000000","CHARTCODE":"IFR","DOUBLECOUNTED":0,"NOPRINT":1},{"ORDERLINK":419,"INDEXORDER":20,"MAPCODE":103894,"DESCRIPTION":"Balance Sheet","LITERAL":"Consideration receivable under settlement arrangement","FORMCODE":"01","ROLLUPCODE":"001002006021001000000000000000000000000000000","CHARTCODE":"IFR","DOUBLECOUNTED":0,"NOPRINT":1},{"ORDERLINK":420,"INDEXORDER":21,"MAPCODE":103894,"DESCRIPTION":"Balance Sheet","LITERAL":"Other receivables","FORMCODE":"01","ROLLUPCODE":"001002006021001000000000000000000000000000000","CHARTCODE":"IFR","DOUBLECOUNTED":0,"NOPRINT":1},{"ORDERLINK":456,"INDEXORDER":23,"MAPCODE":103894,"DESCRIPTION":"Balance Sheet","LITERAL":"Deposits & advances paid to suppliers","FORMCODE":"01","ROLLUPCODE":"001002006021001000000000000000000000000000000","CHARTCODE":"IFR","DOUBLECOUNTED":0,"NOPRINT":1},{"ORDERLINK":467,"INDEXORDER":25,"MAPCODE":103894,"DESCRIPTION":"Balance Sheet","LITERAL":"Staff loans & advances","FORMCODE":"01","ROLLUPCODE":"001002006021001000000000000000000000000000000","CHARTCODE":"IFR","DOUBLECOUNTED":0,"NOPRINT":1},{"ORDERLINK":433,"INDEXORDER":27,"MAPCODE":103894,"DESCRIPTION":"Balance Sheet","LITERAL":"Other receivables, deposits & prepayment","FORMCODE":"01","ROLLUPCODE":"001002006021001000000000000000000000000000000","CHARTCODE":"IFR","DOUBLECOUNTED":0,"NOPRINT":1},{"ORDERLINK":434,"INDEXORDER":28,"MAPCODE":103895,"DESCRIPTION":"Balance Sheet","LITERAL":"Less : allowance for doubtful non-trade receivables","FORMCODE":"01","ROLLUPCODE":"001002006021002000000000000000000000000000000","CHARTCODE":"IFR","DOUBLECOUNTED":0,"NOPRINT":1},{"ORDERLINK":458,"INDEXORDER":29,"MAPCODE":103895,"DESCRIPTION":"Balance Sheet","LITERAL":"Less: non-current staff loans","FORMCODE":"01","ROLLUPCODE":"001002006021002000000000000000000000000000000","CHARTCODE":"IFR","DOUBLECOUNTED":0,"NOPRINT":1},{"ORDERLINK":273,"INDEXORDER":34,"MAPCODE":103898,"DESCRIPTION":"Balance Sheet","LITERAL":"Cash & bank balances","FORMCODE":"01","ROLLUPCODE":"001002008001000000000000000000000000000000000","CHARTCODE":"IFR","DOUBLECOUNTED":0,"NOPRINT":0},{"ORDERLINK":423,"INDEXORDER":33,"MAPCODE":103900,"DESCRIPTION":"Balance Sheet","LITERAL":"Fixed deposit","FORMCODE":"01","ROLLUPCODE":"001002008003000000000000000000000000000000000","CHARTCODE":"IFR","DOUBLECOUNTED":0,"NOPRINT":0},{"ORDERLINK":402,"INDEXORDER":35,"MAPCODE":103907,"DESCRIPTION":"Balance Sheet","LITERAL":"Cash & cash equivalents","FORMCODE":"01","ROLLUPCODE":"001002008009000000000000000000000000000000000","CHARTCODE":"IFR","DOUBLECOUNTED":0,"NOPRINT":0},{"ORDERLINK":270,"INDEXORDER":13,"MAPCODE":112829,"DESCRIPTION":"Balance Sheet","LITERAL":"Construction contract work in progress","FORMCODE":"01","ROLLUPCODE":"001002010000000000000000000000000000000000000","CHARTCODE":"IFR","DOUBLECOUNTED":0,"NOPRINT":0},{"ORDERLINK":258,"INDEXORDER":76,"MAPCODE":104003,"DESCRIPTION":"Balance Sheet","LITERAL":"Total equity","FORMCODE":"01","ROLLUPCODE":"002001000000000000000000000000000000000000000","CHARTCODE":"IFR","DOUBLECOUNTED":0,"NOPRINT":0},{"ORDERLINK":256,"INDEXORDER":74,"MAPCODE":104004,"DESCRIPTION":"Balance Sheet","LITERAL":"Capital & reserves attributable to equity holders of the Company","FORMCODE":"01","ROLLUPCODE":"002001001000000000000000000000000000000000000","CHARTCODE":"IFR","DOUBLECOUNTED":0,"NOPRINT":0},{"ORDERLINK":252,"INDEXORDER":65,"MAPCODE":104006,"DESCRIPTION":"Balance Sheet","LITERAL":"Share capital","FORMCODE":"01","ROLLUPCODE":"002001001001001000000000000000000000000000000","CHARTCODE":"IFR","DOUBLECOUNTED":0,"NOPRINT":0},{"ORDERLINK":251,"INDEXORDER":64,"MAPCODE":104007,"DESCRIPTION":"Balance Sheet","LITERAL":"Ordinary shares","FORMCODE":"01","ROLLUPCODE":"002001001001001001000000000000000000000000000","CHARTCODE":"IFR","DOUBLECOUNTED":0,"NOPRINT":1},{"ORDERLINK":377,"INDEXORDER":66,"MAPCODE":104021,"DESCRIPTION":"Balance Sheet","LITERAL":"Share issue expenses","FORMCODE":"01","ROLLUPCODE":"002001001001003000000000000000000000000000000","CHARTCODE":"IFR","DOUBLECOUNTED":0,"NOPRINT":0},{"ORDERLINK":401,"INDEXORDER":67,"MAPCODE":104022,"DESCRIPTION":"Balance Sheet","LITERAL":"Capital reserve","FORMCODE":"01","ROLLUPCODE":"002001001002000000000000000000000000000000000","CHARTCODE":"IFR","DOUBLECOUNTED":0,"NOPRINT":0},{"ORDERLINK":486,"INDEXORDER":68,"MAPCODE":104029,"DESCRIPTION":"Balance Sheet","LITERAL":"Statutory reserve","FORMCODE":"01","ROLLUPCODE":"002001001003006000000000000000000000000000000","CHARTCODE":"IFR","DOUBLECOUNTED":0,"NOPRINT":0},{"ORDERLINK":472,"INDEXORDER":71,"MAPCODE":104031,"DESCRIPTION":"Balance Sheet","LITERAL":"Foreign currency translation reserve","FORMCODE":"01","ROLLUPCODE":"002001001003008000000000000000000000000000000","CHARTCODE":"IFR","DOUBLECOUNTED":0,"NOPRINT":0},{"ORDERLINK":439,"INDEXORDER":70,"MAPCODE":104032,"DESCRIPTION":"Balance Sheet","LITERAL":"Fair value adjustment reserve","FORMCODE":"01","ROLLUPCODE":"002001001003009000000000000000000000000000000","CHARTCODE":"IFR","DOUBLECOUNTED":0,"NOPRINT":0},{"ORDERLINK":255,"INDEXORDER":72,"MAPCODE":104044,"DESCRIPTION":"Balance Sheet","LITERAL":"Retained earnings (accumulated losses)","FORMCODE":"01","ROLLUPCODE":"002001001007000000000000000000000000000000000","CHARTCODE":"IFR","DOUBLECOUNTED":0,"NOPRINT":0},{"ORDERLINK":254,"INDEXORDER":69,"MAPCODE":110851,"DESCRIPTION":"Balance Sheet","LITERAL":"Unsecured convertible loan-equity component","FORMCODE":"01","ROLLUPCODE":"002001001011001000000000000000000000000000000","CHARTCODE":"IFR","DOUBLECOUNTED":0,"NOPRINT":0},{"ORDERLINK":253,"INDEXORDER":73,"MAPCODE":104046,"DESCRIPTION":"Balance Sheet","LITERAL":"Share issue expenses","FORMCODE":"01","ROLLUPCODE":"002001001012000000000000000000000000000000000","CHARTCODE":"IFR","DOUBLECOUNTED":0,"NOPRINT":0},{"ORDERLINK":257,"INDEXORDER":75,"MAPCODE":104048,"DESCRIPTION":"Balance Sheet","LITERAL":"Minority interests","FORMCODE":"01","ROLLUPCODE":"002001003000000000000000000000000000000000000","CHARTCODE":"IFR","DOUBLECOUNTED":0,"NOPRINT":0},{"ORDERLINK":289,"INDEXORDER":62,"MAPCODE":104050,"DESCRIPTION":"Balance Sheet","LITERAL":"Total liabilities","FORMCODE":"01","ROLLUPCODE":"002002000000000000000000000000000000000000000","CHARTCODE":"IFR","DOUBLECOUNTED":0,"NOPRINT":0},{"ORDERLINK":487,"INDEXORDER":61,"MAPCODE":104051,"DESCRIPTION":"Balance Sheet","LITERAL":"Non-current liabilities","FORMCODE":"01","ROLLUPCODE":"002002001000000000000000000000000000000000000","CHARTCODE":"IFR","DOUBLECOUNTED":0,"NOPRINT":0},{"ORDERLINK":442,"INDEXORDER":59,"MAPCODE":104052,"DESCRIPTION":"Balance Sheet","LITERAL":"Borrowings","FORMCODE":"01","ROLLUPCODE":"002002001001000000000000000000000000000000000","CHARTCODE":"IFR","DOUBLECOUNTED":0,"NOPRINT":0},{"ORDERLINK":488,"INDEXORDER":60,"MAPCODE":104109,"DESCRIPTION":"Balance Sheet","LITERAL":"Deferred tax liabilities","FORMCODE":"01","ROLLUPCODE":"002002001007000000000000000000000000000000000","CHARTCODE":"IFR","DOUBLECOUNTED":0,"NOPRINT":0},{"ORDERLINK":288,"INDEXORDER":58,"MAPCODE":104125,"DESCRIPTION":"Balance Sheet","LITERAL":"Current liabilities","FORMCODE":"01","ROLLUPCODE":"002002002000000000000000000000000000000000000","CHARTCODE":"IFR","DOUBLECOUNTED":0,"NOPRINT":0},{"ORDERLINK":287,"INDEXORDER":57,"MAPCODE":112902,"DESCRIPTION":"Balance Sheet","LITERAL":"Bank overdrafts","FORMCODE":"01","ROLLUPCODE":"002002002002001001002000000000000000000000000","CHARTCODE":"IFR","DOUBLECOUNTED":0,"NOPRINT":0},{"ORDERLINK":285,"INDEXORDER":54,"MAPCODE":104135,"DESCRIPTION":"Balance Sheet","LITERAL":"Unsecured convertible loan","FORMCODE":"01","ROLLUPCODE":"002002002002001005000000000000000000000000000","CHARTCODE":"IFR","DOUBLECOUNTED":0,"NOPRINT":0},{"ORDERLINK":283,"INDEXORDER":50,"MAPCODE":104140,"DESCRIPTION":"Balance Sheet","LITERAL":"Loan from financial institutions","FORMCODE":"01","ROLLUPCODE":"002002002002001010000000000000000000000000000","CHARTCODE":"IFR","DOUBLECOUNTED":0,"NOPRINT":0},{"ORDERLINK":424,"INDEXORDER":49,"MAPCODE":104144,"DESCRIPTION":"Balance Sheet","LITERAL":"Borrowings","FORMCODE":"01","ROLLUPCODE":"002002002002003000000000000000000000000000000","CHARTCODE":"IFR","DOUBLECOUNTED":0,"NOPRINT":0},{"ORDERLINK":490,"INDEXORDER":52,"MAPCODE":104147,"DESCRIPTION":"Balance Sheet","LITERAL":"Deferred income","FORMCODE":"01","ROLLUPCODE":"002002002003002000000000000000000000000000000","CHARTCODE":"IFR","DOUBLECOUNTED":0,"NOPRINT":0},{"ORDERLINK":463,"INDEXORDER":47,"MAPCODE":104148,"DESCRIPTION":"Balance Sheet","LITERAL":"Provisions","FORMCODE":"01","ROLLUPCODE":"002002002004000000000000000000000000000000000","CHARTCODE":"IFR","DOUBLECOUNTED":0,"NOPRINT":0},{"ORDERLINK":286,"INDEXORDER":55,"MAPCODE":110864,"DESCRIPTION":"Balance Sheet","LITERAL":"Provision for taxation","FORMCODE":"01","ROLLUPCODE":"002002002004010000000000000000000000000000000","CHARTCODE":"IFR","DOUBLECOUNTED":0,"NOPRINT":0},{"ORDERLINK":489,"INDEXORDER":53,"MAPCODE":104169,"DESCRIPTION":"Balance Sheet","LITERAL":"Provision for income tax","FORMCODE":"01","ROLLUPCODE":"002002002008000000000000000000000000000000000","CHARTCODE":"IFR","DOUBLECOUNTED":0,"NOPRINT":0},{"ORDERLINK":441,"INDEXORDER":56,"MAPCODE":104169,"DESCRIPTION":"Balance Sheet","LITERAL":"Income tax payable","FORMCODE":"01","ROLLUPCODE":"002002002008000000000000000000000000000000000","CHARTCODE":"IFR","DOUBLECOUNTED":0,"NOPRINT":0},{"ORDERLINK":276,"INDEXORDER":38,"MAPCODE":104171,"DESCRIPTION":"Balance Sheet","LITERAL":"Trade payables (third parties)","FORMCODE":"01","ROLLUPCODE":"002002002009001000000000000000000000000000000","CHARTCODE":"IFR","DOUBLECOUNTED":0,"NOPRINT":0},{"ORDERLINK":284,"INDEXORDER":51,"MAPCODE":112920,"DESCRIPTION":"Balance Sheet","LITERAL":"Advances received from customers","FORMCODE":"01","ROLLUPCODE":"002002002009002002000000000000000000000000000","CHARTCODE":"IFR","DOUBLECOUNTED":0,"NOPRINT":0},{"ORDERLINK":459,"INDEXORDER":42,"MAPCODE":104176,"DESCRIPTION":"Balance Sheet","LITERAL":"Due to directors","FORMCODE":"01","ROLLUPCODE":"002002002009006000000000000000000000000000000","CHARTCODE":"IFR","DOUBLECOUNTED":0,"NOPRINT":1},{"ORDERLINK":479,"INDEXORDER":43,"MAPCODE":104176,"DESCRIPTION":"Balance Sheet","LITERAL":"Due to a shareholder","FORMCODE":"01","ROLLUPCODE":"002002002009006000000000000000000000000000000","CHARTCODE":"IFR","DOUBLECOUNTED":0,"NOPRINT":1},{"ORDERLINK":491,"INDEXORDER":45,"MAPCODE":104177,"DESCRIPTION":"Balance Sheet","LITERAL":"Value added tax payable","FORMCODE":"01","ROLLUPCODE":"002002002009007000000000000000000000000000000","CHARTCODE":"IFR","DOUBLECOUNTED":0,"NOPRINT":1},{"ORDERLINK":278,"INDEXORDER":39,"MAPCODE":104181,"DESCRIPTION":"Balance Sheet","LITERAL":"Accrued operating expenses - employee benefits","FORMCODE":"01","ROLLUPCODE":"002002002009008001002000000000000000000000000","CHARTCODE":"IFR","DOUBLECOUNTED":0,"NOPRINT":1},{"ORDERLINK":277,"INDEXORDER":40,"MAPCODE":104183,"DESCRIPTION":"Balance Sheet","LITERAL":"Accrued operating expenses - directors' fees","FORMCODE":"01","ROLLUPCODE":"002002002009008001004000000000000000000000000","CHARTCODE":"IFR","DOUBLECOUNTED":0,"NOPRINT":1},{"ORDERLINK":279,"INDEXORDER":41,"MAPCODE":104183,"DESCRIPTION":"Balance Sheet","LITERAL":"Others accrued operating expenses","FORMCODE":"01","ROLLUPCODE":"002002002009008001004000000000000000000000000","CHARTCODE":"IFR","DOUBLECOUNTED":0,"NOPRINT":1},{"ORDERLINK":282,"INDEXORDER":48,"MAPCODE":104190,"DESCRIPTION":"Balance Sheet","LITERAL":"Excess of progress billings over work-in-progress","FORMCODE":"01","ROLLUPCODE":"002002002009011000000000000000000000000000000","CHARTCODE":"IFR","DOUBLECOUNTED":0,"NOPRINT":0},{"ORDERLINK":280,"INDEXORDER":44,"MAPCODE":104191,"DESCRIPTION":"Balance Sheet","LITERAL":"Other payables","FORMCODE":"01","ROLLUPCODE":"002002002009016000000000000000000000000000000","CHARTCODE":"IFR","DOUBLECOUNTED":0,"NOPRINT":1},{"ORDERLINK":281,"INDEXORDER":46,"MAPCODE":104191,"DESCRIPTION":"Balance Sheet","LITERAL":"Other payables & accruals","FORMCODE":"01","ROLLUPCODE":"002002002009016000000000000000000000000000000","CHARTCODE":"IFR","DOUBLECOUNTED":1,"NOPRINT":0},{"ORDERLINK":290,"INDEXORDER":63,"MAPCODE":104302,"DESCRIPTION":"Balance Sheet","LITERAL":"Net assets","FORMCODE":"01","ROLLUPCODE":"003000000000000000000000000000000000000000000","CHARTCODE":"IFR","DOUBLECOUNTED":0,"NOPRINT":0},{"ORDERLINK":259,"INDEXORDER":2,"MAPCODE":112966,"DESCRIPTION":"Balance Sheet","LITERAL":"Plant & equipment, cost","FORMCODE":"01","ROLLUPCODE":"009000000000000000000000000000000000000000000","CHARTCODE":"IFR","DOUBLECOUNTED":0,"NOPRINT":1},{"ORDERLINK":260,"INDEXORDER":3,"MAPCODE":112967,"DESCRIPTION":"Balance Sheet","LITERAL":"Accumulated depreciation & impairment losses","FORMCODE":"01","ROLLUPCODE":"010000000000000000000000000000000000000000000","CHARTCODE":"IFR","DOUBLECOUNTED":0,"NOPRINT":1},{"ORDERLINK":432,"INDEXORDER":4,"MAPCODE":112967,"DESCRIPTION":"Balance Sheet","LITERAL":"Accumulated depreciation","FORMCODE":"01","ROLLUPCODE":"010000000000000000000000000000000000000000000","CHARTCODE":"IFR","DOUBLECOUNTED":0,"NOPRINT":1}]